epoch,timestamp_utc,train_loss,val_loss
1,2026-06-11T16:38:24.839321+00:00,0.0395088193,0.0123090795
2,2026-06-11T16:39:34.248256+00:00,0.0140514460,0.0105184187
3,2026-06-11T16:40:44.842060+00:00,0.0119314002,0.0093110332
4,2026-06-11T16:41:55.632730+00:00,0.0106678918,0.0082770405
5,2026-06-11T16:43:06.283518+00:00,0.0093254838,0.0095079637
6,2026-06-11T16:44:15.645716+00:00,0.0088682378,0.0074782602
7,2026-06-11T16:45:26.248254+00:00,0.0084620347,0.0091511838
8,2026-06-11T16:46:35.343589+00:00,0.0081611459,0.0063810070
9,2026-06-11T16:47:46.041720+00:00,0.0080425864,0.0068900291
10,2026-06-11T16:48:55.100669+00:00,0.0074563598,0.0078192310
11,2026-06-11T16:50:04.255443+00:00,0.0071520584,0.0058978341
12,2026-06-11T16:51:14.871945+00:00,0.0071950699,0.0063836449
13,2026-06-11T16:52:23.933615+00:00,0.0066230359,0.0068081998
14,2026-06-11T16:53:33.106832+00:00,0.0069519297,0.0072079167
15,2026-06-11T16:54:42.236515+00:00,0.0066024937,0.0060857520
16,2026-06-11T16:55:51.547350+00:00,0.0060773548,0.0067256354
17,2026-06-11T16:57:00.739089+00:00,0.0066744458,0.0059161641
18,2026-06-11T16:58:10.119653+00:00,0.0062687071,0.0063391511
19,2026-06-11T16:59:19.469335+00:00,0.0061452302,0.0062936701
20,2026-06-11T17:00:28.670921+00:00,0.0060191725,0.0062517388
21,2026-06-11T17:01:37.899092+00:00,0.0060907235,0.0061620446
22,2026-06-11T17:02:47.022499+00:00,0.0058170494,0.0054646609
23,2026-06-11T17:03:57.667012+00:00,0.0059883616,0.0057619577
24,2026-06-11T17:05:06.871454+00:00,0.0058840883,0.0056828720
25,2026-06-11T17:06:16.073231+00:00,0.0058171434,0.0052537458
26,2026-06-11T17:07:26.804126+00:00,0.0055612548,0.0052844360
27,2026-06-11T17:08:36.000028+00:00,0.0056293542,0.0049301614
28,2026-06-11T17:09:46.917557+00:00,0.0057280826,0.0052647447
29,2026-06-11T17:10:56.213109+00:00,0.0056401611,0.0060012010
30,2026-06-11T17:12:05.397022+00:00,0.0055116771,0.0056743190
31,2026-06-11T17:13:14.598944+00:00,0.0049302667,0.0051592071
32,2026-06-11T17:14:23.804504+00:00,0.0050740599,0.0053998605
33,2026-06-11T17:15:32.980431+00:00,0.0053900634,0.0044878378
34,2026-06-11T17:16:43.699120+00:00,0.0055489418,0.0047136485
35,2026-06-11T17:17:52.914721+00:00,0.0049997166,0.0048035931
36,2026-06-11T17:19:02.172101+00:00,0.0053883934,0.0047680496
37,2026-06-11T17:20:11.338788+00:00,0.0051226412,0.0049849393
38,2026-06-11T17:21:20.549420+00:00,0.0053368297,0.0051660975
39,2026-06-11T17:22:29.817626+00:00,0.0054206271,0.0052659466
40,2026-06-11T17:23:39.009446+00:00,0.0049444564,0.0048847334
41,2026-06-11T17:24:48.242430+00:00,0.0048519025,0.0051854795
42,2026-06-11T17:25:57.430732+00:00,0.0048939322,0.0054214086
43,2026-06-11T17:27:06.602420+00:00,0.0048406874,0.0054039830
44,2026-06-11T17:28:15.824321+00:00,0.0050118860,0.0049055535
45,2026-06-11T17:29:25.133716+00:00,0.0047513782,0.0043904002
46,2026-06-11T17:30:36.033241+00:00,0.0050555997,0.0050277758
47,2026-06-11T17:31:45.254633+00:00,0.0050712463,0.0058417495
48,2026-06-11T17:32:54.451971+00:00,0.0048819452,0.0046548416
49,2026-06-11T17:34:03.665096+00:00,0.0047492269,0.0053582415
50,2026-06-11T17:35:12.789541+00:00,0.0047977160,0.0046234497
51,2026-06-11T17:36:22.015679+00:00,0.0051627942,0.0050742868
52,2026-06-11T17:37:31.256534+00:00,0.0049361330,0.0042974365
53,2026-06-11T17:38:42.210734+00:00,0.0046499584,0.0049169940
54,2026-06-11T17:39:51.483958+00:00,0.0047453353,0.0054408535
55,2026-06-11T17:41:00.658572+00:00,0.0047523576,0.0045106648
56,2026-06-11T17:42:09.903362+00:00,0.0049184351,0.0050876574
57,2026-06-11T17:43:19.157109+00:00,0.0046456989,0.0046726456
58,2026-06-11T17:44:28.674010+00:00,0.0048170963,0.0052013524
59,2026-06-11T17:45:38.071417+00:00,0.0049896832,0.0048728904
60,2026-06-11T17:46:47.358842+00:00,0.0046317561,0.0046867710
61,2026-06-11T17:47:56.574252+00:00,0.0047528650,0.0038723522
62,2026-06-11T17:49:07.284440+00:00,0.0048257308,0.0057095690
63,2026-06-11T17:50:16.534300+00:00,0.0046464902,0.0052337804
64,2026-06-11T17:51:25.897356+00:00,0.0047136826,0.0048171579
65,2026-06-11T17:52:35.389959+00:00,0.0048372770,0.0047019095
66,2026-06-11T17:53:44.942006+00:00,0.0046368484,0.0047389536
67,2026-06-11T17:54:54.098080+00:00,0.0046086433,0.0045190243
68,2026-06-11T17:56:03.339094+00:00,0.0044774888,0.0046616992
69,2026-06-11T17:57:12.644534+00:00,0.0047935660,0.0049248915
70,2026-06-11T17:58:21.788666+00:00,0.0044789499,0.0044399091
71,2026-06-11T17:59:31.069738+00:00,0.0047948257,0.0045050186
72,2026-06-11T18:00:40.293048+00:00,0.0048956607,0.0047551185
73,2026-06-11T18:01:49.490400+00:00,0.0045873591,0.0043903909
74,2026-06-11T18:02:58.806044+00:00,0.0047170078,0.0047405623
75,2026-06-11T18:04:08.026997+00:00,0.0044671655,0.0048169882
76,2026-06-11T18:05:17.355102+00:00,0.0044364813,0.0049596949
77,2026-06-11T18:06:26.807208+00:00,0.0045459756,0.0042390076
78,2026-06-11T18:07:36.286650+00:00,0.0043057931,0.0045824448
79,2026-06-11T18:08:45.598862+00:00,0.0045635408,0.0046724701
80,2026-06-11T18:09:54.806579+00:00,0.0043757233,0.0043934253
81,2026-06-11T18:11:04.144295+00:00,0.0043798492,0.0047511262
82,2026-06-11T18:12:13.388419+00:00,0.0042612979,0.0046434677
83,2026-06-11T18:13:22.637135+00:00,0.0047263154,0.0048806523
84,2026-06-11T18:14:31.996110+00:00,0.0046254848,0.0042692520
85,2026-06-11T18:15:41.179632+00:00,0.0044009178,0.0050568974
86,2026-06-11T18:16:50.441601+00:00,0.0044038272,0.0040390165
87,2026-06-11T18:17:59.647088+00:00,0.0044930721,0.0045349586
88,2026-06-11T18:19:08.882293+00:00,0.0045546106,0.0037897470
89,2026-06-11T18:20:19.761685+00:00,0.0044002664,0.0041969789
90,2026-06-11T18:21:28.995993+00:00,0.0045260469,0.0043308606
91,2026-06-11T18:22:38.341178+00:00,0.0045047125,0.0045902302
92,2026-06-11T18:23:47.664927+00:00,0.0042809973,0.0045098633
93,2026-06-11T18:24:56.977492+00:00,0.0043774378,0.0042189091
94,2026-06-11T18:26:06.223718+00:00,0.0044231272,0.0050569641
95,2026-06-11T18:27:15.438718+00:00,0.0043231387,0.0044145848
96,2026-06-11T18:28:24.874376+00:00,0.0041948819,0.0045379775
97,2026-06-11T18:29:34.182567+00:00,0.0044776508,0.0040766615
98,2026-06-11T18:30:43.622262+00:00,0.0043137810,0.0049288420
99,2026-06-11T18:31:52.921061+00:00,0.0042277905,0.0042915711
100,2026-06-11T18:33:02.144930+00:00,0.0043296946,0.0042673553
101,2026-06-11T18:34:12.224135+00:00,0.0045444443,0.0043643750
102,2026-06-11T18:35:21.573647+00:00,0.0044610664,0.0040635783
103,2026-06-11T18:36:30.795679+00:00,0.0041975291,0.0046925733
104,2026-06-11T18:37:40.133255+00:00,0.0043388125,0.0047577240
105,2026-06-11T18:38:49.287535+00:00,0.0039801444,0.0044443054
106,2026-06-11T18:39:58.518550+00:00,0.0042765178,0.0049022038
107,2026-06-11T18:41:07.749451+00:00,0.0045333474,0.0044735359
108,2026-06-11T18:42:16.913047+00:00,0.0046322375,0.0042103322
109,2026-06-11T18:43:26.199873+00:00,0.0040185622,0.0039372468
110,2026-06-11T18:44:35.493196+00:00,0.0043980061,0.0048870236
111,2026-06-11T18:45:44.893997+00:00,0.0042105090,0.0050691749
112,2026-06-11T18:46:54.183296+00:00,0.0040744879,0.0045849411
113,2026-06-11T18:48:03.428466+00:00,0.0044591782,0.0043509330
114,2026-06-11T18:49:12.916413+00:00,0.0043911971,0.0042177775
115,2026-06-11T18:50:22.448777+00:00,0.0039467690,0.0042240475
116,2026-06-11T18:51:31.935461+00:00,0.0041215456,0.0044522248
117,2026-06-11T18:52:41.180982+00:00,0.0042108351,0.0041065719
118,2026-06-11T18:53:50.447451+00:00,0.0039552847,0.0043581681
119,2026-06-11T18:54:59.749181+00:00,0.0040349040,0.0048016013
120,2026-06-11T18:56:09.182125+00:00,0.0042721162,0.0044505016
121,2026-06-11T18:57:18.639936+00:00,0.0040738975,0.0049336177
122,2026-06-11T18:58:27.799438+00:00,0.0044913720,0.0044047539
123,2026-06-11T18:59:36.980306+00:00,0.0043909596,0.0047224892
124,2026-06-11T19:00:46.294426+00:00,0.0042338927,0.0049490830
125,2026-06-11T19:01:55.559517+00:00,0.0039985740,0.0045219610
126,2026-06-11T19:03:04.863650+00:00,0.0038547494,0.0044798305
127,2026-06-11T19:04:14.130480+00:00,0.0042154439,0.0043283917
128,2026-06-11T19:05:23.390312+00:00,0.0044076262,0.0042411355
129,2026-06-11T19:06:32.686441+00:00,0.0040446392,0.0043058465
130,2026-06-11T19:07:41.873641+00:00,0.0039352276,0.0048507523
131,2026-06-11T19:08:51.150951+00:00,0.0044120279,0.0041214707
132,2026-06-11T19:10:00.298701+00:00,0.0042186954,0.0042304349
133,2026-06-11T19:11:09.783144+00:00,0.0041699379,0.0044432940
134,2026-06-11T19:12:19.206608+00:00,0.0039636125,0.0043386927
135,2026-06-11T19:13:28.557222+00:00,0.0042366407,0.0039578708
136,2026-06-11T19:14:37.906802+00:00,0.0043123271,0.0044035682
137,2026-06-11T19:15:47.295949+00:00,0.0038869146,0.0041629706
138,2026-06-11T19:16:56.822406+00:00,0.0042911305,0.0046534608
139,2026-06-11T19:18:06.216137+00:00,0.0039718119,0.0044348373
140,2026-06-11T19:19:15.351010+00:00,0.0044974527,0.0042359241
141,2026-06-11T19:20:24.673020+00:00,0.0040593513,0.0044838566
142,2026-06-11T19:21:33.997334+00:00,0.0039872392,0.0043453994
143,2026-06-11T19:22:43.503793+00:00,0.0041031678,0.0042039133
144,2026-06-11T19:23:52.866151+00:00,0.0037525343,0.0051066940
145,2026-06-11T19:25:02.098789+00:00,0.0041595392,0.0045432552
146,2026-06-11T19:26:11.342450+00:00,0.0039177460,0.0048537426
147,2026-06-11T19:27:20.495477+00:00,0.0039007336,0.0043132840
148,2026-06-11T19:28:29.715380+00:00,0.0039981515,0.0041501750
149,2026-06-11T19:29:39.222858+00:00,0.0039327050,0.0047890981
150,2026-06-11T19:30:48.712586+00:00,0.0039551976,0.0041882481
151,2026-06-11T19:31:58.124261+00:00,0.0042157497,0.0041289953
152,2026-06-11T19:33:07.405889+00:00,0.0039215326,0.0043200936
153,2026-06-11T19:34:16.641306+00:00,0.0038773225,0.0041147273
154,2026-06-11T19:35:25.942642+00:00,0.0038633838,0.0041195172
155,2026-06-11T19:36:35.131159+00:00,0.0038603522,0.0043387064
156,2026-06-11T19:37:44.446438+00:00,0.0038102048,0.0041248432
157,2026-06-11T19:38:53.690373+00:00,0.0042205786,0.0041437444
158,2026-06-11T19:40:02.899877+00:00,0.0040497762,0.0049514234
159,2026-06-11T19:41:12.181174+00:00,0.0038904268,0.0042036644
160,2026-06-11T19:42:21.424839+00:00,0.0039518559,0.0048289045
161,2026-06-11T19:43:30.710118+00:00,0.0038810301,0.0041375508
162,2026-06-11T19:44:39.883336+00:00,0.0039084262,0.0044427868
163,2026-06-11T19:45:49.088805+00:00,0.0038677404,0.0048999967
164,2026-06-11T19:46:58.414960+00:00,0.0039668371,0.0047389537
165,2026-06-11T19:48:07.653455+00:00,0.0039412290,0.0038996619
166,2026-06-11T19:49:16.940343+00:00,0.0036508315,0.0042724206
167,2026-06-11T19:50:26.211354+00:00,0.0036691577,0.0049908242
168,2026-06-11T19:51:35.410698+00:00,0.0039271891,0.0045236600
169,2026-06-11T19:52:44.712412+00:00,0.0040315638,0.0045593930
170,2026-06-11T19:53:53.934661+00:00,0.0038671770,0.0046317569
171,2026-06-11T19:55:03.340204+00:00,0.0038179487,0.0042951902
172,2026-06-11T19:56:12.566593+00:00,0.0040790166,0.0040283562
173,2026-06-11T19:57:21.852021+00:00,0.0039491022,0.0040412860
174,2026-06-11T19:58:31.294178+00:00,0.0038026839,0.0046088025
175,2026-06-11T19:59:40.897384+00:00,0.0037285064,0.0045700557
176,2026-06-11T20:00:50.245687+00:00,0.0041534348,0.0048025200
177,2026-06-11T20:01:59.494927+00:00,0.0038290523,0.0042083193
178,2026-06-11T20:03:08.775017+00:00,0.0038807715,0.0051503608
179,2026-06-11T20:04:18.011700+00:00,0.0036217317,0.0042157102
180,2026-06-11T20:05:27.271911+00:00,0.0037666350,0.0043334456
181,2026-06-11T20:06:36.591367+00:00,0.0039801966,0.0043689829
182,2026-06-11T20:07:45.875638+00:00,0.0035792030,0.0046734870
183,2026-06-11T20:08:55.093985+00:00,0.0035798221,0.0043949133
184,2026-06-11T20:10:04.339616+00:00,0.0038183173,0.0047668755
185,2026-06-11T20:11:13.885513+00:00,0.0039914766,0.0050015639
186,2026-06-11T20:12:23.412113+00:00,0.0035829786,0.0047470282
187,2026-06-11T20:13:32.642359+00:00,0.0037280804,0.0047769840
188,2026-06-11T20:14:41.931170+00:00,0.0037386199,0.0041866556
189,2026-06-11T20:15:51.256281+00:00,0.0037160655,0.0050362567
190,2026-06-11T20:17:00.468060+00:00,0.0035885858,0.0047714153
191,2026-06-11T20:18:09.758936+00:00,0.0036168832,0.0041562235
192,2026-06-11T20:19:18.976749+00:00,0.0037283069,0.0046776427
193,2026-06-11T20:20:28.209168+00:00,0.0038189417,0.0043233327
194,2026-06-11T20:21:37.465729+00:00,0.0035597083,0.0045156733
195,2026-06-11T20:22:46.603974+00:00,0.0037590065,0.0044301838
196,2026-06-11T20:23:56.014282+00:00,0.0036711305,0.0045229161
197,2026-06-11T20:25:05.335549+00:00,0.0038013906,0.0044373291
198,2026-06-11T20:26:14.719242+00:00,0.0035913398,0.0048269615
199,2026-06-11T20:27:23.995494+00:00,0.0035867273,0.0043932829
200,2026-06-11T20:28:33.193777+00:00,0.0036118013,0.0041577683
201,2026-06-11T20:29:42.947938+00:00,0.0036801927,0.0040763358
202,2026-06-11T20:30:52.243630+00:00,0.0035758337,0.0044765664
203,2026-06-11T20:32:01.518511+00:00,0.0037633217,0.0050387595
204,2026-06-11T20:33:10.790153+00:00,0.0036189825,0.0050262775
205,2026-06-11T20:34:20.018142+00:00,0.0037386830,0.0045415754
206,2026-06-11T20:35:29.266706+00:00,0.0035439099,0.0043080347
207,2026-06-11T20:36:38.532358+00:00,0.0035866368,0.0043552171
208,2026-06-11T20:37:47.724492+00:00,0.0036627483,0.0043113533
209,2026-06-11T20:38:57.025653+00:00,0.0037688361,0.0044984663
210,2026-06-11T20:40:06.198228+00:00,0.0034126093,0.0044940643
211,2026-06-11T20:41:15.517608+00:00,0.0036819795,0.0045070607
212,2026-06-11T20:42:24.786057+00:00,0.0036395056,0.0040891304
213,2026-06-11T20:43:34.092747+00:00,0.0035700367,0.0042717438
214,2026-06-11T20:44:43.419734+00:00,0.0035370766,0.0045178572
215,2026-06-11T20:45:52.633596+00:00,0.0034608293,0.0041789641
216,2026-06-11T20:47:01.927080+00:00,0.0036388253,0.0045562239
217,2026-06-11T20:48:11.198127+00:00,0.0036632793,0.0048427914
218,2026-06-11T20:49:20.408063+00:00,0.0035689842,0.0045478970
219,2026-06-11T20:50:29.660746+00:00,0.0036741980,0.0046714367
220,2026-06-11T20:51:38.893769+00:00,0.0035694830,0.0045079967
221,2026-06-11T20:52:48.236535+00:00,0.0035895412,0.0041709636
222,2026-06-11T20:53:57.499522+00:00,0.0036671900,0.0043522872
223,2026-06-11T20:55:06.739673+00:00,0.0035933001,0.0047600040
224,2026-06-11T20:56:15.946642+00:00,0.0035464450,0.0047952157
225,2026-06-11T20:57:25.117813+00:00,0.0035488385,0.0042044996
226,2026-06-11T20:58:34.452502+00:00,0.0035965156,0.0044715172
227,2026-06-11T20:59:43.741373+00:00,0.0034181261,0.0041737389
228,2026-06-11T21:00:53.019602+00:00,0.0034563367,0.0047125395
229,2026-06-11T21:02:02.368672+00:00,0.0031679175,0.0047251213
230,2026-06-11T21:03:11.620916+00:00,0.0035689909,0.0046179602
231,2026-06-11T21:04:20.937934+00:00,0.0034452207,0.0045689984
232,2026-06-11T21:05:30.220733+00:00,0.0035178423,0.0044605975
233,2026-06-11T21:06:39.488255+00:00,0.0035296443,0.0056248269
234,2026-06-11T21:07:48.838830+00:00,0.0035619551,0.0043614436
235,2026-06-11T21:08:58.132856+00:00,0.0034899445,0.0049044375
236,2026-06-11T21:10:07.442544+00:00,0.0034013206,0.0046312823
237,2026-06-11T21:11:16.706325+00:00,0.0034798388,0.0042708854
238,2026-06-11T21:12:25.921220+00:00,0.0033620204,0.0041202432
239,2026-06-11T21:13:35.226521+00:00,0.0035360058,0.0046284099
240,2026-06-11T21:14:44.559084+00:00,0.0035136902,0.0047831580
241,2026-06-11T21:15:53.901454+00:00,0.0033368486,0.0047409400
242,2026-06-11T21:17:03.114304+00:00,0.0033482503,0.0046918622
243,2026-06-11T21:18:12.361485+00:00,0.0035005680,0.0041538960
244,2026-06-11T21:19:21.690200+00:00,0.0033212311,0.0045178504
245,2026-06-11T21:20:30.962945+00:00,0.0033705473,0.0047521199
246,2026-06-11T21:21:40.252503+00:00,0.0033266299,0.0049625382
247,2026-06-11T21:22:49.524792+00:00,0.0033000305,0.0048727162
248,2026-06-11T21:23:58.796665+00:00,0.0032508748,0.0050106976
249,2026-06-11T21:25:08.215937+00:00,0.0035022301,0.0042190648
250,2026-06-11T21:26:17.634053+00:00,0.0034661246,0.0050710500
251,2026-06-11T21:27:27.141981+00:00,0.0035495102,0.0045068696
252,2026-06-11T21:28:36.670628+00:00,0.0035742603,0.0042925045
253,2026-06-11T21:29:46.125917+00:00,0.0034300937,0.0052843466
254,2026-06-11T21:30:55.581750+00:00,0.0033796474,0.0048737335
255,2026-06-11T21:32:04.734596+00:00,0.0033619264,0.0045896715
256,2026-06-11T21:33:13.929730+00:00,0.0035821195,0.0048937045
257,2026-06-11T21:34:23.152064+00:00,0.0035163610,0.0054391664
258,2026-06-11T21:35:32.419381+00:00,0.0030923261,0.0054107283
259,2026-06-11T21:36:41.708043+00:00,0.0035682039,0.0049316997
260,2026-06-11T21:37:50.987730+00:00,0.0033681513,0.0042692115
261,2026-06-11T21:39:00.268179+00:00,0.0032616216,0.0050777906
262,2026-06-11T21:40:09.543866+00:00,0.0032766247,0.0045660981
263,2026-06-11T21:41:18.789280+00:00,0.0031461538,0.0051518630
264,2026-06-11T21:42:28.124713+00:00,0.0031451310,0.0047928201
265,2026-06-11T21:43:37.362953+00:00,0.0032571023,0.0046980838
266,2026-06-11T21:44:46.625366+00:00,0.0031599729,0.0047799790
267,2026-06-11T21:45:55.824752+00:00,0.0033451868,0.0048829231
268,2026-06-11T21:47:05.108724+00:00,0.0032498476,0.0051593085
269,2026-06-11T21:48:14.389222+00:00,0.0034465311,0.0049434226
270,2026-06-11T21:49:23.652673+00:00,0.0031646658,0.0040699727
271,2026-06-11T21:50:32.842819+00:00,0.0032793251,0.0049047809
272,2026-06-11T21:51:42.133117+00:00,0.0035898919,0.0050308148
273,2026-06-11T21:52:51.374256+00:00,0.0030911211,0.0049619426
274,2026-06-11T21:54:00.732959+00:00,0.0030900319,0.0047677477
275,2026-06-11T21:55:10.041054+00:00,0.0036036673,0.0053257690
276,2026-06-11T21:56:19.263127+00:00,0.0030768825,0.0052410937
277,2026-06-11T21:57:28.561478+00:00,0.0036676199,0.0051815129
278,2026-06-11T21:58:37.772162+00:00,0.0030729854,0.0050537031
279,2026-06-11T21:59:47.034245+00:00,0.0031617983,0.0051429438
280,2026-06-11T22:00:56.237986+00:00,0.0032552859,0.0047060599
281,2026-06-11T22:02:05.710209+00:00,0.0033779266,0.0048178206
282,2026-06-11T22:03:15.212011+00:00,0.0030888602,0.0046008232
283,2026-06-11T22:04:24.638420+00:00,0.0030917219,0.0047123705
284,2026-06-11T22:05:34.001792+00:00,0.0032353373,0.0053834570
285,2026-06-11T22:06:43.229471+00:00,0.0032836171,0.0052582775
286,2026-06-11T22:07:52.462720+00:00,0.0030606819,0.0050246096
287,2026-06-11T22:09:01.786607+00:00,0.0035203111,0.0054099145
288,2026-06-11T22:10:11.285422+00:00,0.0033981000,0.0049679379
289,2026-06-11T22:11:20.645696+00:00,0.0032678731,0.0048443005
290,2026-06-11T22:12:29.926693+00:00,0.0030980076,0.0049291387
291,2026-06-11T22:13:39.380356+00:00,0.0031979444,0.0047910602
292,2026-06-11T22:14:49.002836+00:00,0.0031841892,0.0050952166
293,2026-06-11T22:15:58.461083+00:00,0.0034856706,0.0052738923
294,2026-06-11T22:17:07.839457+00:00,0.0030708023,0.0051349339
295,2026-06-11T22:18:17.073166+00:00,0.0030601559,0.0048800444
296,2026-06-11T22:19:26.359571+00:00,0.0031898812,0.0049882434
297,2026-06-11T22:20:35.670830+00:00,0.0034119203,0.0045168517
298,2026-06-11T22:21:44.964645+00:00,0.0028524833,0.0047132950
299,2026-06-11T22:22:54.162998+00:00,0.0032902388,0.0051123809
300,2026-06-11T22:24:03.382931+00:00,0.0032489504,0.0041252755
301,2026-06-11T22:25:13.206576+00:00,0.0029123068,0.0051780174
302,2026-06-11T22:26:22.466719+00:00,0.0031404852,0.0050658483
303,2026-06-11T22:27:31.654213+00:00,0.0030270760,0.0054515525
304,2026-06-11T22:28:41.006144+00:00,0.0030313118,0.0048432309
305,2026-06-11T22:29:50.299271+00:00,0.0030523938,0.0052778813
306,2026-06-11T22:30:59.623013+00:00,0.0033785823,0.0052100999
307,2026-06-11T22:32:08.940255+00:00,0.0030116604,0.0048637744
308,2026-06-11T22:33:18.171704+00:00,0.0029507043,0.0053323441
309,2026-06-11T22:34:27.489716+00:00,0.0030463356,0.0049458550
310,2026-06-11T22:35:36.812384+00:00,0.0029564820,0.0051139305
311,2026-06-11T22:36:46.144392+00:00,0.0030053824,0.0045705692
312,2026-06-11T22:37:55.475846+00:00,0.0031028990,0.0055952422
313,2026-06-11T22:39:04.782820+00:00,0.0030923271,0.0053591928
314,2026-06-11T22:40:14.124821+00:00,0.0031193289,0.0048823994
315,2026-06-11T22:41:23.424424+00:00,0.0030337677,0.0051977162
316,2026-06-11T22:42:32.729465+00:00,0.0033145285,0.0053259094
317,2026-06-11T22:43:41.968722+00:00,0.0031760802,0.0052596074
318,2026-06-11T22:44:51.155747+00:00,0.0031549969,0.0046915572
319,2026-06-11T22:46:00.460082+00:00,0.0030656518,0.0053193285
320,2026-06-11T22:47:09.785673+00:00,0.0031986569,0.0047718833
321,2026-06-11T22:48:19.350986+00:00,0.0029665317,0.0049025638
322,2026-06-11T22:49:28.712204+00:00,0.0028182305,0.0053186950
323,2026-06-11T22:50:37.983670+00:00,0.0029468958,0.0050725869
324,2026-06-11T22:51:47.373304+00:00,0.0029793344,0.0052489245
325,2026-06-11T22:52:56.630057+00:00,0.0032695580,0.0047478091
326,2026-06-11T22:54:06.218661+00:00,0.0033304066,0.0052205775
327,2026-06-11T22:55:15.529846+00:00,0.0030658915,0.0053749205
328,2026-06-11T22:56:24.839133+00:00,0.0033726939,0.0055852466
329,2026-06-11T22:57:34.303436+00:00,0.0031352664,0.0050124730
330,2026-06-11T22:58:43.875884+00:00,0.0029583692,0.0054119627
331,2026-06-11T22:59:53.424034+00:00,0.0029497324,0.0054041992
332,2026-06-11T23:01:02.665934+00:00,0.0031847576,0.0053265550
333,2026-06-11T23:02:11.904168+00:00,0.0029871252,0.0048574273
334,2026-06-11T23:03:21.278185+00:00,0.0028086499,0.0047151446
335,2026-06-11T23:04:30.463566+00:00,0.0030636261,0.0048825180
336,2026-06-11T23:05:39.791769+00:00,0.0030840280,0.0056661067
337,2026-06-11T23:06:49.109143+00:00,0.0031607219,0.0052544303
338,2026-06-11T23:07:58.326259+00:00,0.0031179877,0.0050088010
339,2026-06-11T23:09:07.653602+00:00,0.0030873151,0.0057857234
340,2026-06-11T23:10:17.001007+00:00,0.0032632001,0.0048585890
341,2026-06-11T23:11:26.376858+00:00,0.0030856988,0.0053491886
342,2026-06-11T23:12:35.632419+00:00,0.0030358174,0.0043924699
343,2026-06-11T23:13:44.844305+00:00,0.0029710692,0.0054831955
344,2026-06-11T23:14:54.169760+00:00,0.0028691707,0.0056012471
345,2026-06-11T23:16:03.490373+00:00,0.0028199204,0.0052393051
346,2026-06-11T23:17:12.912863+00:00,0.0029045958,0.0050396197
347,2026-06-11T23:18:22.288818+00:00,0.0030464914,0.0046832441
348,2026-06-11T23:19:31.662756+00:00,0.0029334943,0.0055737103
349,2026-06-11T23:20:41.022970+00:00,0.0029975817,0.0053837175
350,2026-06-11T23:21:50.355230+00:00,0.0029300985,0.0053792551
351,2026-06-11T23:22:59.665779+00:00,0.0030535572,0.0051607129
352,2026-06-11T23:24:09.006032+00:00,0.0028280720,0.0050106313
353,2026-06-11T23:25:18.368683+00:00,0.0032862334,0.0054971739
354,2026-06-11T23:26:27.745464+00:00,0.0030736405,0.0049528075
355,2026-06-11T23:27:37.068919+00:00,0.0031161219,0.0053067672
356,2026-06-11T23:28:46.413934+00:00,0.0027244506,0.0053441951
357,2026-06-11T23:29:55.806011+00:00,0.0031456650,0.0048942065
358,2026-06-11T23:31:05.043060+00:00,0.0029010290,0.0051219959
359,2026-06-11T23:32:14.350184+00:00,0.0029107314,0.0054067742
360,2026-06-11T23:33:23.700530+00:00,0.0030464275,0.0056920411
361,2026-06-11T23:34:33.061905+00:00,0.0027907191,0.0065165845
362,2026-06-11T23:35:42.398451+00:00,0.0029274831,0.0054981872
363,2026-06-11T23:36:51.729868+00:00,0.0027406344,0.0053798830
364,2026-06-11T23:38:01.093116+00:00,0.0026990371,0.0054096778
365,2026-06-11T23:39:10.402260+00:00,0.0028334945,0.0055803856
366,2026-06-11T23:40:19.647205+00:00,0.0026762985,0.0053924751
367,2026-06-11T23:41:28.882688+00:00,0.0028904814,0.0053613562
368,2026-06-11T23:42:38.091158+00:00,0.0029746398,0.0053656557
369,2026-06-11T23:43:47.445632+00:00,0.0028790394,0.0057290683
370,2026-06-11T23:44:56.707050+00:00,0.0028047252,0.0056012535
371,2026-06-11T23:46:05.950357+00:00,0.0029631178,0.0051756625
372,2026-06-11T23:47:15.317716+00:00,0.0029495447,0.0057257116
373,2026-06-11T23:48:24.541028+00:00,0.0028486675,0.0061050420
374,2026-06-11T23:49:33.847897+00:00,0.0027454173,0.0055063076
375,2026-06-11T23:50:43.063907+00:00,0.0029338457,0.0055231130
376,2026-06-11T23:51:52.298305+00:00,0.0027598501,0.0056784709
377,2026-06-11T23:53:01.675405+00:00,0.0028136209,0.0053679875
378,2026-06-11T23:54:10.936879+00:00,0.0031479531,0.0055162638
379,2026-06-11T23:55:20.305533+00:00,0.0027673034,0.0058454848
380,2026-06-11T23:56:29.571064+00:00,0.0027413126,0.0054395517
381,2026-06-11T23:57:38.745047+00:00,0.0030971972,0.0058325309
382,2026-06-11T23:58:48.089823+00:00,0.0027257093,0.0054946505
383,2026-06-11T23:59:57.382116+00:00,0.0028203845,0.0055013931
384,2026-06-12T00:01:06.716524+00:00,0.0026400775,0.0061847443
385,2026-06-12T00:02:16.007983+00:00,0.0028492412,0.0054498468
386,2026-06-12T00:03:25.269916+00:00,0.0028426845,0.0051686453
387,2026-06-12T00:04:34.686353+00:00,0.0027941873,0.0050632459
388,2026-06-12T00:05:44.038122+00:00,0.0029157014,0.0052518020
389,2026-06-12T00:06:53.382739+00:00,0.0026390417,0.0047890292
390,2026-06-12T00:08:02.615634+00:00,0.0026456914,0.0056623279
391,2026-06-12T00:09:11.847491+00:00,0.0030573575,0.0051479630
392,2026-06-12T00:10:21.221977+00:00,0.0028194779,0.0056768934
393,2026-06-12T00:11:30.464358+00:00,0.0028691694,0.0056223856
394,2026-06-12T00:12:39.852941+00:00,0.0028573748,0.0055791968
395,2026-06-12T00:13:49.174051+00:00,0.0026952114,0.0058221586
396,2026-06-12T00:14:58.503885+00:00,0.0027933477,0.0053205456
397,2026-06-12T00:16:07.852863+00:00,0.0028419726,0.0052841643
398,2026-06-12T00:17:17.205406+00:00,0.0027521057,0.0053545295
399,2026-06-12T00:18:26.619702+00:00,0.0029906051,0.0050398036
400,2026-06-12T00:19:35.955841+00:00,0.0030830287,0.0057490393
